<?xml version="1.0" encoding="UTF-8"?>
        <!-- Generated by eXe - http://exelearning.net -->
        <manifest identifier="eXetoRobotica647dbff3278e45600f1"
        xmlns="http://www.imsglobal.org/xsd/imscp_v1p1"
        xmlns:imsmd="http://www.imsglobal.org/xsd/imsmd_v1p2"
        xmlns:xsi="http://www.w3.org/2001/XMLSchema-instance"
        xmlns:lom="http://ltsc.ieee.org/xsd/LOM"
        xmlns:adlcp="http://www.adlnet.org/xsd/adlcp_rootv1p2"
        
 xsi:schemaLocation="http://www.imsglobal.org/xsd/imscp_v1p1 imscp_v1p1.xsd http://www.imsglobal.org/xsd/imsmd_v1p2 imsmd_v1p2p2.xsd"> 
<metadata> 
 <schema>IMS Content</schema> 
 <schemaversion>1.1.3</schemaversion> 
 <lom:lom><lom:general uniqueElementName="general"><lom:identifier><lom:catalog uniqueElementName="catalog">My Catalog</lom:catalog><lom:entry uniqueElementName="entry">4a7d755e-34a5-410a-a7d4-601881136623</lom:entry></lom:identifier><lom:title><lom:string language="es">Ayuda a Mara en su aventura marciana</lom:string></lom:title><lom:language>es</lom:language><lom:description><lom:string language="es">A través de varios retos guiados, el alumnado podrá adentrarse en el manejo de los sistemas robóticos. Esta UD está centrada en la programación didáctica de la asignatura de computación y robótica.</lom:string></lom:description><lom:aggregationLevel uniqueElementName="aggregationLevel"><lom:source uniqueElementName="source">LOM-ESv1.0</lom:source><lom:value uniqueElementName="value">2</lom:value></lom:aggregationLevel></lom:general><lom:lifeCycle><lom:contribute><lom:role uniqueElementName="role"><lom:source uniqueElementName="source">LOM-ESv1.0</lom:source><lom:value uniqueElementName="value">author</lom:value></lom:role><lom:entity>BEGIN:VCARD VERSION:3.0 FN:Aurelio Gallardo Rodríguez EMAIL;TYPE=INTERNET: ORG: END:VCARD</lom:entity><lom:date><lom:dateTime uniqueElementName="dateTime">2021-12-25T11:38:34.00+01:00</lom:dateTime><lom:description><lom:string language="es">Fecha de creación de los metadatos</lom:string></lom:description></lom:date></lom:contribute></lom:lifeCycle><lom:metaMetadata uniqueElementName="metaMetadata"><lom:contribute><lom:role uniqueElementName="role"><lom:source uniqueElementName="source">LOM-ESv1.0</lom:source><lom:value uniqueElementName="value">creator</lom:value></lom:role><lom:entity>BEGIN:VCARD VERSION:3.0 FN:Aurelio Gallardo Rodríguez EMAIL;TYPE=INTERNET: ORG: END:VCARD</lom:entity><lom:date><lom:dateTime uniqueElementName="dateTime">2021-12-25T11:20:58.00+01:00</lom:dateTime><lom:description><lom:string language="es">Fecha de creación de los metadatos</lom:string></lom:description></lom:date></lom:contribute><lom:metadataSchema>LOM-ESv1.0</lom:metadataSchema><lom:language>es</lom:language></lom:metaMetadata><lom:technical uniqueElementName="technical"><lom:otherPlatformRequirements><lom:string language="es">editor: eXe Learning</lom:string></lom:otherPlatformRequirements></lom:technical><lom:educational><lom:learningResourceType><lom:source uniqueElementName="source">LOM-ESv1.0</lom:source><lom:value uniqueElementName="value">open problem</lom:value></lom:learningResourceType><lom:intendedEndUserRole><lom:source uniqueElementName="source">LOM-ESv1.0</lom:source><lom:value uniqueElementName="value">learner</lom:value></lom:intendedEndUserRole><lom:intendedEndUserRole><lom:source uniqueElementName="source">LOM-ESv1.0</lom:source><lom:value uniqueElementName="value">group</lom:value></lom:intendedEndUserRole><lom:context><lom:source uniqueElementName="source">LOM-ESv1.0</lom:source><lom:value uniqueElementName="value">presencial</lom:value></lom:context><lom:context><lom:source uniqueElementName="source">LOM-ESv1.0</lom:source><lom:value uniqueElementName="value">classroom</lom:value></lom:context><lom:description><lom:string language="es">CONOCIMIENTO PREVIO: Ninguno</lom:string></lom:description><lom:description><lom:string language="es">OBJETIVOS: 2) Desarrollar el pensamiento computacional, aprendiendo a resolver problemas con la ayuda de un ordenador u otros dispositivos de procesamiento, a saber formularlos, a analizar información, a modelar y automatizar soluciones algorítmicas, y a evaluarlas y generalizarlas. 
9) Construir sistemas robóticos sencillos, que perciban su entorno y respondan a él de forma autónoma para conseguir un objetivo, comprendiendo los principios básicos de ingeniería sobre los que se basan y reconociendo las diferentes tecnologías empleadas. 
</lom:string></lom:description><lom:language>es</lom:language></lom:educational><lom:rights uniqueElementName="rights"><lom:copyrightAndOtherRestrictions uniqueElementName="copyrightAndOtherRestrictions"><lom:source uniqueElementName="source">LOM-ESv1.0</lom:source><lom:value uniqueElementName="value">creative commons: attribution - non commercial - share alike</lom:value></lom:copyrightAndOtherRestrictions><lom:access uniqueElementName="access"><lom:accessType uniqueElementName="accessType"><lom:source uniqueElementName="source">LOM-ESv1.0</lom:source><lom:value uniqueElementName="value">universal</lom:value></lom:accessType><lom:description><lom:string language="en">Default</lom:string></lom:description></lom:access></lom:rights></lom:lom>
</metadata> 
<organizations default="eXetoRobotica647dbff3278e45600f2">  
<organization identifier="eXetoRobotica647dbff3278e45600f2" structure="hierarchical">  
<title>Ayuda a Mara en su aventura marciana</title>
<item identifier="ITEM-eXetoRobotica647dbff3278e45600f3" isvisible="true" identifierref="RES-eXetoRobotica647dbff3278e45600f4">
    <title>PTO. ELABORACIÓN MATERIALES,  ÁMBITO TEC. DE LA INFORMACIÓN Y COMUNICACIÓN 2022: Doce años de robótica educativa (REF: MTT-024/22 )</title>
<item identifier="ITEM-eXetoRobotica647dbff3278e45600f5" isvisible="true" identifierref="RES-eXetoRobotica647dbff3278e45600f6">
    <title>Índice</title>
</item>
<item identifier="ITEM-eXetoRobotica647dbff3278e4560107" isvisible="true" identifierref="RES-eXetoRobotica647dbff3278e4560108">
    <title>Task one. ¡Llegamos a Marte!</title>
</item>
<item identifier="ITEM-eXetoRobotica647dbff3278e4560109" isvisible="true" identifierref="RES-eXetoRobotica647dbff3278e456010a">
    <title>Task two. Inspeccionando el cohete</title>
</item>
<item identifier="ITEM-eXetoRobotica647dbff3278e456011b" isvisible="true" identifierref="RES-eXetoRobotica647dbff3278e456011c">
    <title>Task three. Paseo espacial.</title>
<item identifier="ITEM-eXetoRobotica647dbff3278e456012d" isvisible="true" identifierref="RES-eXetoRobotica647dbff3278e456012e">
    <title>Extra task. Vagabundeo.</title>
</item>
</item>
<item identifier="ITEM-eXetoRobotica647dbff3278e456012f" isvisible="true" identifierref="RES-eXetoRobotica647dbff3278e45601210">
    <title>Task four. No me pienso tropezar.</title>
</item>
<item identifier="ITEM-eXetoRobotica647dbff3278e45601211" isvisible="true" identifierref="RES-eXetoRobotica647dbff3278e45601212">
    <title>Task five. Más vale ser prudente.</title>
<item identifier="ITEM-eXetoRobotica647dbff3278e45601313" isvisible="true" identifierref="RES-eXetoRobotica647dbff3278e45601314">
    <title>Extra task. ¡Despierta, Mara!</title>
</item>
</item>
<item identifier="ITEM-eXetoRobotica647dbff3278e45601315" isvisible="true" identifierref="RES-eXetoRobotica647dbff3278e45601316">
    <title>Task six &amp; seven. ¡Por allí se escapa!</title>
</item>
<item identifier="ITEM-eXetoRobotica647dbff3278e45601317" isvisible="true" identifierref="RES-eXetoRobotica647dbff3278e45601318">
    <title>Task eight. Debajo de las piedras negras puede haber agua.</title>
</item>
<item identifier="ITEM-eXetoRobotica647dbff3278e45601419" isvisible="true" identifierref="RES-eXetoRobotica647dbff3278e4560141a">
    <title>Task nine. El camino del cohete a la cueva.</title>
<item identifier="ITEM-eXetoRobotica647dbff3278e4560141b" isvisible="true" identifierref="RES-eXetoRobotica647dbff3278e4560141c">
    <title>Extra task: control por bluetooth o infrarrojo.</title>
</item>
</item>
<item identifier="ITEM-eXetoRobotica647dbff3278e4560141d" isvisible="true" identifierref="RES-eXetoRobotica647dbff3278e4560141e">
    <title>Task ten. ¡No quiero que me toques!</title>
</item>
<item identifier="ITEM-eXetoRobotica647dbff3278e4560151f" isvisible="true" identifierref="RES-eXetoRobotica647dbff3278e45601520">
    <title>Task eleven. Mara se ha desorientado.</title>
<item identifier="ITEM-eXetoRobotica647dbff3278e45601521" isvisible="true" identifierref="RES-eXetoRobotica647dbff3278e45601522">
    <title>Extra task: alarma de cajón</title>
</item>
</item>
<item identifier="ITEM-eXetoRobotica647dbff3278e45601523" isvisible="true" identifierref="RES-eXetoRobotica647dbff3278e45601524">
    <title>Task twelve. ¡No me quiero despeñar!</title>
</item>
<item identifier="ITEM-eXetoRobotica647dbff3278e45601625" isvisible="true" identifierref="RES-eXetoRobotica647dbff3278e45601626">
    <title>Proyectos</title>
</item>
<item identifier="ITEM-eXetoRobotica647dbff3278e45601627" isvisible="true" identifierref="RES-eXetoRobotica647dbff3278e45601628">
    <title>Materiales para el profesorado</title>
<item identifier="ITEM-eXetoRobotica647dbff3278e45601629" isvisible="true" identifierref="RES-eXetoRobotica647dbff3278e4560162a">
    <title>Créditos y Licencias</title>
</item>
<item identifier="ITEM-eXetoRobotica647dbff3278e4560162b" isvisible="true" identifierref="RES-eXetoRobotica647dbff3278e4560162c">
    <title>Programación</title>
</item>
<item identifier="ITEM-eXetoRobotica647dbff3278e4560172d" isvisible="true" identifierref="RES-eXetoRobotica647dbff3278e4560172e">
    <title>Evaluación</title>
</item>
<item identifier="ITEM-eXetoRobotica647dbff3278e4560172f" isvisible="true" identifierref="RES-eXetoRobotica647dbff3278e45601730">
    <title>Solucionario</title>
</item>
<item identifier="ITEM-eXetoRobotica647dbff3278e45601731" isvisible="true" identifierref="RES-eXetoRobotica647dbff3278e45601732">
    <title>Contenido extra</title>
</item>
<item identifier="ITEM-eXetoRobotica647dbff3278e45601733" isvisible="true" identifierref="RES-eXetoRobotica647dbff3278e45601734">
    <title>Tutoriales distintos lenguajes</title>
</item>
</item>
</item>
</organization>
</organizations>
<resources>
<resource identifier="RES-eXetoRobotica647dbff3278e45600f4" type="webcontent"  adlcp:scormtype="sco" href="index.html"> 
 <file href="index.html"/>
    <file href="maqueen.jpg"/>
    <file href="exe_lightbox.css"/>
    <file href="exe_lightbox.js"/>
    <file href="exe_lightbox_default_thumb.png"/>
    <file href="exe_lightbox_loader.gif"/>
    <file href="exe_lightbox_sprite.png"/>
    <file href="exe_lightbox_sprite_next.png"/>
    <file href="exe_lightbox_sprite_prev.png"/>
    <file href="exe_lightbox_sprite_x.png"/>
    <file href="exe_lightbox_sprite_y.png"/>
<dependency identifierref="COMMON_FILES" /></resource>
<resource identifier="RES-eXetoRobotica647dbff3278e45600f6" type="webcontent"  adlcp:scormtype="sco" href="ndice.html"> 
 <file href="ndice.html"/>
    <file href="map_1667765220464.png"/>
    <file href="exe_lightbox.css"/>
    <file href="exe_lightbox.js"/>
    <file href="exe_lightbox_default_thumb.png"/>
    <file href="exe_lightbox_loader.gif"/>
    <file href="exe_lightbox_sprite.png"/>
    <file href="exe_lightbox_sprite_next.png"/>
    <file href="exe_lightbox_sprite_prev.png"/>
    <file href="exe_lightbox_sprite_x.png"/>
    <file href="exe_lightbox_sprite_y.png"/>
    <file href="udl-character-1.gif"/>
    <file href="udl-character-2.gif"/>
    <file href="udl-character-3.gif"/>
    <file href="udl-character-4.gif"/>
    <file href="udl-content.css"/>
    <file href="udl-content.js"/>
    <file href="udl-icons-sm.png"/>
    <file href="udl-icons.png"/>
<dependency identifierref="COMMON_FILES" /></resource>
<resource identifier="RES-eXetoRobotica647dbff3278e4560108" type="webcontent"  adlcp:scormtype="sco" href="task_one_llegamos_a_marte.html"> 
 <file href="task_one_llegamos_a_marte.html"/>
    <file href="hombreSTOP.png"/>
    <file href="cohete4.jpg"/>
    <file href="MissionOne.mp4"/>
    <file href="woman.png"/>
    <file href="missionOne.jpg"/>
    <file href="mara.png"/>
    <file href="parabola1.jpg"/>
    <file href="panel-amusements.png"/>
    <file href="common.js"/>
    <file href="cohete2.jpg"/>
    <file href="stock-stop.png"/>
    <file href="man.png"/>
    <file href="cohete3.jpg"/>
    <file href="exe_media.css"/>
    <file href="exe_media.js"/>
    <file href="exe_media_background.png"/>
    <file href="exe_media_bigplay.png"/>
    <file href="exe_media_bigplay.svg"/>
    <file href="exe_media_controls.png"/>
    <file href="exe_media_controls.svg"/>
    <file href="exe_media_flashPlayer.swf"/>
    <file href="exe_media_loading.gif"/>
    <file href="exe_media_silverlightPlayer.xap"/>
    <file href="exe_lightbox.css"/>
    <file href="exe_lightbox.js"/>
    <file href="exe_lightbox_default_thumb.png"/>
    <file href="exe_lightbox_loader.gif"/>
    <file href="exe_lightbox_sprite.png"/>
    <file href="exe_lightbox_sprite_next.png"/>
    <file href="exe_lightbox_sprite_prev.png"/>
    <file href="exe_lightbox_sprite_x.png"/>
    <file href="exe_lightbox_sprite_y.png"/>
    <file href="exe_effects.css"/>
    <file href="exe_effects.js"/>
    <file href="udl-character-1.gif"/>
    <file href="udl-character-2.gif"/>
    <file href="udl-character-3.gif"/>
    <file href="udl-character-4.gif"/>
    <file href="udl-content.css"/>
    <file href="udl-content.js"/>
    <file href="udl-icons-sm.png"/>
    <file href="udl-icons.png"/>
<dependency identifierref="COMMON_FILES" /></resource>
<resource identifier="RES-eXetoRobotica647dbff3278e456010a" type="webcontent"  adlcp:scormtype="sco" href="task_two_inspeccionando_el_cohete.html"> 
 <file href="task_two_inspeccionando_el_cohete.html"/>
    <file href="MisionTwo.m4v"/>
    <file href="bucles.png"/>
    <file href="SpaceX_landing.jpg"/>
    <file href="exe_media.css"/>
    <file href="exe_media.js"/>
    <file href="exe_media_background.png"/>
    <file href="exe_media_bigplay.png"/>
    <file href="exe_media_bigplay.svg"/>
    <file href="exe_media_controls.png"/>
    <file href="exe_media_controls.svg"/>
    <file href="exe_media_flashPlayer.swf"/>
    <file href="exe_media_loading.gif"/>
    <file href="exe_media_silverlightPlayer.xap"/>
    <file href="exe_effects.css"/>
    <file href="exe_effects.js"/>
    <file href="udl-character-1.gif"/>
    <file href="udl-character-2.gif"/>
    <file href="udl-character-3.gif"/>
    <file href="udl-character-4.gif"/>
    <file href="udl-content.css"/>
    <file href="udl-content.js"/>
    <file href="udl-icons-sm.png"/>
    <file href="udl-icons.png"/>
    <file href="exequextaudio.png"/>
    <file href="exequextcursor.gif"/>
    <file href="exequextfirstr.png"/>
    <file href="exequextfull.png"/>
    <file href="exequexthits.png"/>
    <file href="exequextlastr.png"/>
    <file href="exequextlive.png"/>
    <file href="exequextlost.png"/>
    <file href="exequextmin.png"/>
    <file href="exequextmoveon.png"/>
    <file href="exequextnextr.png"/>
    <file href="exequextnormal.png"/>
    <file href="exequextnumber.png"/>
    <file href="exequextone.png"/>
    <file href="exequextpause.png"/>
    <file href="exequextplayvideo.png"/>
    <file href="exequextpreviousr.png"/>
    <file href="exequextreload.png"/>
    <file href="exequextreply.png"/>
    <file href="exequextrerrors.png"/>
    <file href="exequextroscomin.png"/>
    <file href="exequextscore.png"/>
    <file href="exequextsq.png"/>
    <file href="exequexttime.png"/>
    <file href="exequexttwo.png"/>
    <file href="exequextvideo.png"/>
    <file href="exequextwon.png"/>
    <file href="gameqp-activity.css"/>
    <file href="selecciona-activity.js"/>
    <file href="seleccionaHome.png"/>
    <file href="seleccionaIcon.png"/>
<dependency identifierref="COMMON_FILES" /></resource>
<resource identifier="RES-eXetoRobotica647dbff3278e456011c" type="webcontent"  adlcp:scormtype="sco" href="task_three_paseo_espacial.html"> 
 <file href="task_three_paseo_espacial.html"/>
    <file href="common.js"/>
    <file href="MissionThree.jpg"/>
    <file href="miCajita5bolas.png"/>
    <file href="cajaVacia.png"/>
    <file href="codigoConVariables.png"/>
    <file href="miCajita.png"/>
    <file href="codigoSinVariables.png"/>
    <file href="MissionThree.m4v"/>
    <file href="exe_media.css"/>
    <file href="exe_media.js"/>
    <file href="exe_media_background.png"/>
    <file href="exe_media_bigplay.png"/>
    <file href="exe_media_bigplay.svg"/>
    <file href="exe_media_controls.png"/>
    <file href="exe_media_controls.svg"/>
    <file href="exe_media_flashPlayer.swf"/>
    <file href="exe_media_loading.gif"/>
    <file href="exe_media_silverlightPlayer.xap"/>
    <file href="exe_effects.css"/>
    <file href="exe_effects.js"/>
    <file href="udl-character-1.gif"/>
    <file href="udl-character-2.gif"/>
    <file href="udl-character-3.gif"/>
    <file href="udl-character-4.gif"/>
    <file href="udl-content.css"/>
    <file href="udl-content.js"/>
    <file href="udl-icons-sm.png"/>
    <file href="udl-icons.png"/>
<dependency identifierref="COMMON_FILES" /></resource>
<resource identifier="RES-eXetoRobotica647dbff3278e456012e" type="webcontent"  adlcp:scormtype="sco" href="extra_task_vagabundeo.html"> 
 <file href="extra_task_vagabundeo.html"/>
    <file href="ExtraTask1.m4v"/>
    <file href="condicion_tarea4.png"/>
    <file href="random.mp3"/>
    <file href="exe_media.css"/>
    <file href="exe_media.js"/>
    <file href="exe_media_background.png"/>
    <file href="exe_media_bigplay.png"/>
    <file href="exe_media_bigplay.svg"/>
    <file href="exe_media_controls.png"/>
    <file href="exe_media_controls.svg"/>
    <file href="exe_media_flashPlayer.swf"/>
    <file href="exe_media_loading.gif"/>
    <file href="exe_media_silverlightPlayer.xap"/>
    <file href="exe_effects.css"/>
    <file href="exe_effects.js"/>
    <file href="udl-character-1.gif"/>
    <file href="udl-character-2.gif"/>
    <file href="udl-character-3.gif"/>
    <file href="udl-character-4.gif"/>
    <file href="udl-content.css"/>
    <file href="udl-content.js"/>
    <file href="udl-icons-sm.png"/>
    <file href="udl-icons.png"/>
    <file href="exequextaudio.png"/>
    <file href="exequextcursor.gif"/>
    <file href="exequextfirstr.png"/>
    <file href="exequextfull.png"/>
    <file href="exequexthits.png"/>
    <file href="exequextlastr.png"/>
    <file href="exequextlive.png"/>
    <file href="exequextlost.png"/>
    <file href="exequextmin.png"/>
    <file href="exequextmoveon.png"/>
    <file href="exequextnextr.png"/>
    <file href="exequextnormal.png"/>
    <file href="exequextnumber.png"/>
    <file href="exequextone.png"/>
    <file href="exequextpause.png"/>
    <file href="exequextplayvideo.png"/>
    <file href="exequextpreviousr.png"/>
    <file href="exequextreload.png"/>
    <file href="exequextreply.png"/>
    <file href="exequextrerrors.png"/>
    <file href="exequextroscomin.png"/>
    <file href="exequextscore.png"/>
    <file href="exequextsq.png"/>
    <file href="exequexttime.png"/>
    <file href="exequexttwo.png"/>
    <file href="exequextvideo.png"/>
    <file href="exequextwon.png"/>
    <file href="gameqp-activity.css"/>
    <file href="quext-activity.js"/>
    <file href="quextHome.png"/>
    <file href="quextIcon.png"/>
<dependency identifierref="COMMON_FILES" /></resource>
<resource identifier="RES-eXetoRobotica647dbff3278e45601210" type="webcontent"  adlcp:scormtype="sco" href="task_four_no_me_pienso_tropezar.html"> 
 <file href="task_four_no_me_pienso_tropezar.html"/>
    <file href="codigoLuisLlamas_tarea4.png"/>
    <file href="bloqueUltrasonidoMakecode_tarea4.png"/>
    <file href="bloque_if_explicado_tarea4.png"/>
    <file href="Delfinekko.gif"/>
    <file href="si_sino.png"/>
    <file href="ejemplo_tarea4.mp4"/>
    <file href="si.png"/>
    <file href="ultrasonidos1.jpg"/>
    <file href="condicion_tarea4.png"/>
    <file href="si_y_si_sino.png"/>
    <file href="ultrasonidos_hrsc04.png"/>
    <file href="bloque_if_tarea_4.png"/>
    <file href="bloqueUltrasonidoTinkercad_tarea4.png"/>
    <file href="exe_media.css"/>
    <file href="exe_media.js"/>
    <file href="exe_media_background.png"/>
    <file href="exe_media_bigplay.png"/>
    <file href="exe_media_bigplay.svg"/>
    <file href="exe_media_controls.png"/>
    <file href="exe_media_controls.svg"/>
    <file href="exe_media_flashPlayer.swf"/>
    <file href="exe_media_loading.gif"/>
    <file href="exe_media_silverlightPlayer.xap"/>
    <file href="exe_effects.css"/>
    <file href="exe_effects.js"/>
    <file href="udl-character-1.gif"/>
    <file href="udl-character-2.gif"/>
    <file href="udl-character-3.gif"/>
    <file href="udl-character-4.gif"/>
    <file href="udl-content.css"/>
    <file href="udl-content.js"/>
    <file href="udl-icons-sm.png"/>
    <file href="udl-icons.png"/>
    <file href="adivina-activity.js"/>
    <file href="adivinaHome.png"/>
    <file href="adivinaIcon.png"/>
    <file href="exequextaudio.png"/>
    <file href="exequextcursor.gif"/>
    <file href="exequextfirstr.png"/>
    <file href="exequextfull.png"/>
    <file href="exequexthits.png"/>
    <file href="exequextlastr.png"/>
    <file href="exequextlive.png"/>
    <file href="exequextlost.png"/>
    <file href="exequextmin.png"/>
    <file href="exequextmoveon.png"/>
    <file href="exequextnextr.png"/>
    <file href="exequextnormal.png"/>
    <file href="exequextnumber.png"/>
    <file href="exequextone.png"/>
    <file href="exequextpause.png"/>
    <file href="exequextplayvideo.png"/>
    <file href="exequextpreviousr.png"/>
    <file href="exequextreload.png"/>
    <file href="exequextreply.png"/>
    <file href="exequextrerrors.png"/>
    <file href="exequextroscomin.png"/>
    <file href="exequextscore.png"/>
    <file href="exequextsq.png"/>
    <file href="exequexttime.png"/>
    <file href="exequexttwo.png"/>
    <file href="exequextvideo.png"/>
    <file href="exequextwon.png"/>
    <file href="gameqp-activity.css"/>
<dependency identifierref="COMMON_FILES" /></resource>
<resource identifier="RES-eXetoRobotica647dbff3278e45601212" type="webcontent"  adlcp:scormtype="sco" href="task_five_ms_vale_ser_prudente.html"> 
 <file href="task_five_ms_vale_ser_prudente.html"/>
    <file href="condicional.png"/>
    <file href="robotToreroARREGLADO.mp4"/>
    <file href="cartucho.png"/>
    <file href="entradaSalida.png"/>
    <file href="repeticion.png"/>
    <file href="santapola20.png"/>
    <file href="bloquesTarea5.png"/>
    <file href="proceso.png"/>
    <file href="exe_media.css"/>
    <file href="exe_media.js"/>
    <file href="exe_media_background.png"/>
    <file href="exe_media_bigplay.png"/>
    <file href="exe_media_bigplay.svg"/>
    <file href="exe_media_controls.png"/>
    <file href="exe_media_controls.svg"/>
    <file href="exe_media_flashPlayer.swf"/>
    <file href="exe_media_loading.gif"/>
    <file href="exe_media_silverlightPlayer.xap"/>
    <file href="exe_effects.css"/>
    <file href="exe_effects.js"/>
    <file href="udl-character-1.gif"/>
    <file href="udl-character-2.gif"/>
    <file href="udl-character-3.gif"/>
    <file href="udl-character-4.gif"/>
    <file href="udl-content.css"/>
    <file href="udl-content.js"/>
    <file href="udl-icons-sm.png"/>
    <file href="udl-icons.png"/>
    <file href="interactive-video-bg.gif"/>
    <file href="interactive-video-less.gif"/>
    <file href="interactive-video-loading.gif"/>
    <file href="interactive-video-more.gif"/>
    <file href="interactive-video-sorter.png"/>
    <file href="interactive-video.css"/>
    <file href="interactive-video.js"/>
<dependency identifierref="COMMON_FILES" /></resource>
<resource identifier="RES-eXetoRobotica647dbff3278e45601314" type="webcontent"  adlcp:scormtype="sco" href="extra_task_despierta_mara.html"> 
 <file href="extra_task_despierta_mara.html"/>
    <file href="extraTask.mp4"/>
    <file href="imagen.png"/>
    <file href="arduino-acelerometro.png"/>
    <file href="imagen.1.png"/>
    <file href="exe_media.css"/>
    <file href="exe_media.js"/>
    <file href="exe_media_background.png"/>
    <file href="exe_media_bigplay.png"/>
    <file href="exe_media_bigplay.svg"/>
    <file href="exe_media_controls.png"/>
    <file href="exe_media_controls.svg"/>
    <file href="exe_media_flashPlayer.swf"/>
    <file href="exe_media_loading.gif"/>
    <file href="exe_media_silverlightPlayer.xap"/>
    <file href="exe_effects.css"/>
    <file href="exe_effects.js"/>
    <file href="udl-character-1.gif"/>
    <file href="udl-character-2.gif"/>
    <file href="udl-character-3.gif"/>
    <file href="udl-character-4.gif"/>
    <file href="udl-content.css"/>
    <file href="udl-content.js"/>
    <file href="udl-icons-sm.png"/>
    <file href="udl-icons.png"/>
<dependency identifierref="COMMON_FILES" /></resource>
<resource identifier="RES-eXetoRobotica647dbff3278e45601316" type="webcontent"  adlcp:scormtype="sco" href="task_six__seven_por_all_se_escapa.html"> 
 <file href="task_six__seven_por_all_se_escapa.html"/>
    <file href="tarea6_Nivel_Luz.mp4"/>
    <file href="microfono.png"/>
    <file href="ardublocks_ldr.png"/>
    <file href="tarea6_Nivel_Sonido.mp4"/>
    <file href="imagen.4.png"/>
    <file href="imagen.2.png"/>
    <file href="imagen.3.png"/>
    <file href="nivel_luz.png"/>
    <file href="microbit_3.png"/>
    <file href="ardublocks_microfono.png"/>
    <file href="microbit_sonido.png"/>
    <file href="exe_media.css"/>
    <file href="exe_media.js"/>
    <file href="exe_media_background.png"/>
    <file href="exe_media_bigplay.png"/>
    <file href="exe_media_bigplay.svg"/>
    <file href="exe_media_controls.png"/>
    <file href="exe_media_controls.svg"/>
    <file href="exe_media_flashPlayer.swf"/>
    <file href="exe_media_loading.gif"/>
    <file href="exe_media_silverlightPlayer.xap"/>
    <file href="exe_effects.css"/>
    <file href="exe_effects.js"/>
    <file href="interactive-video-bg.gif"/>
    <file href="interactive-video-less.gif"/>
    <file href="interactive-video-loading.gif"/>
    <file href="interactive-video-more.gif"/>
    <file href="interactive-video-sorter.png"/>
    <file href="interactive-video.css"/>
    <file href="interactive-video.js"/>
    <file href="udl-character-1.gif"/>
    <file href="udl-character-2.gif"/>
    <file href="udl-character-3.gif"/>
    <file href="udl-character-4.gif"/>
    <file href="udl-content.css"/>
    <file href="udl-content.js"/>
    <file href="udl-icons-sm.png"/>
    <file href="udl-icons.png"/>
<dependency identifierref="COMMON_FILES" /></resource>
<resource identifier="RES-eXetoRobotica647dbff3278e45601318" type="webcontent"  adlcp:scormtype="sco" href="task_eight_debajo_de_las_piedras_negras_puede_haber_agua.html"> 
 <file href="task_eight_debajo_de_las_piedras_negras_puede_haber_agua.html"/>
    <file href="esquemaCNY70.png"/>
    <file href="maqueen_ir_0_1_bloque.png"/>
    <file href="IRWorks.png"/>
    <file href="maqueen_ir_0_1.png"/>
    <file href="IncrementaVariable_03.png"/>
    <file href="IR_2_TCRT5000.png"/>
    <file href="cuentaManchas.mp4"/>
    <file href="circuito_manchas.svg"/>
    <file href="IR_3_CNY70.png"/>
    <file href="maqueen_ir_0_1_ejemplo.png"/>
    <file href="IR_1.png"/>
    <file href="ardublocks_ir_digital.png"/>
    <file href="circuito_manchas.pdf"/>
    <file href="CM_A4.pdf"/>
    <file href="common.js"/>
    <file href="inicializaVariable_02.png"/>
    <file href="IR_4_KY22.png"/>
    <file href="creaVariable_01.png"/>
    <file href="exe_media.css"/>
    <file href="exe_media.js"/>
    <file href="exe_media_background.png"/>
    <file href="exe_media_bigplay.png"/>
    <file href="exe_media_bigplay.svg"/>
    <file href="exe_media_controls.png"/>
    <file href="exe_media_controls.svg"/>
    <file href="exe_media_flashPlayer.swf"/>
    <file href="exe_media_loading.gif"/>
    <file href="exe_media_silverlightPlayer.xap"/>
    <file href="exe_effects.css"/>
    <file href="exe_effects.js"/>
    <file href="udl-character-1.gif"/>
    <file href="udl-character-2.gif"/>
    <file href="udl-character-3.gif"/>
    <file href="udl-character-4.gif"/>
    <file href="udl-content.css"/>
    <file href="udl-content.js"/>
    <file href="udl-icons-sm.png"/>
    <file href="udl-icons.png"/>
<dependency identifierref="COMMON_FILES" /></resource>
<resource identifier="RES-eXetoRobotica647dbff3278e4560141a" type="webcontent"  adlcp:scormtype="sco" href="task_nine_el_camino_del_cohete_a_la_cueva.html"> 
 <file href="task_nine_el_camino_del_cohete_a_la_cueva.html"/>
    <file href="estudio_siguelineas_tabla.png"/>
    <file href="CircuitoPractica_A3.pdf"/>
    <file href="siguelinea_otro_1.png"/>
    <file href="CP_A4.pdf"/>
    <file href="circuito_practicas.svg"/>
    <file href="o_sigueLineas.mp4"/>
    <file href="estudio_siguelineas.png"/>
    <file href="exe_media.css"/>
    <file href="exe_media.js"/>
    <file href="exe_media_background.png"/>
    <file href="exe_media_bigplay.png"/>
    <file href="exe_media_bigplay.svg"/>
    <file href="exe_media_controls.png"/>
    <file href="exe_media_controls.svg"/>
    <file href="exe_media_flashPlayer.swf"/>
    <file href="exe_media_loading.gif"/>
    <file href="exe_media_silverlightPlayer.xap"/>
    <file href="exe_effects.css"/>
    <file href="exe_effects.js"/>
    <file href="interactive-video-bg.gif"/>
    <file href="interactive-video-less.gif"/>
    <file href="interactive-video-loading.gif"/>
    <file href="interactive-video-more.gif"/>
    <file href="interactive-video-sorter.png"/>
    <file href="interactive-video.css"/>
    <file href="interactive-video.js"/>
    <file href="udl-character-1.gif"/>
    <file href="udl-character-2.gif"/>
    <file href="udl-character-3.gif"/>
    <file href="udl-character-4.gif"/>
    <file href="udl-content.css"/>
    <file href="udl-content.js"/>
    <file href="udl-icons-sm.png"/>
    <file href="udl-icons.png"/>
<dependency identifierref="COMMON_FILES" /></resource>
<resource identifier="RES-eXetoRobotica647dbff3278e4560141c" type="webcontent"  adlcp:scormtype="sco" href="extra_task_control_por_bluetooth_o_infrarrojo.html"> 
 <file href="extra_task_control_por_bluetooth_o_infrarrojo.html"/>
    <file href="movil_extra_task.png"/>
    <file href="retor_adultos_conbocadillo.gif"/>
    <file href="bandera_inglesa.png"/>
    <file href="exe_effects.css"/>
    <file href="exe_effects.js"/>
<dependency identifierref="COMMON_FILES" /></resource>
<resource identifier="RES-eXetoRobotica647dbff3278e4560141e" type="webcontent"  adlcp:scormtype="sco" href="task_ten_no_quiero_que_me_toques.html"> 
 <file href="task_ten_no_quiero_que_me_toques.html"/>
    <file href="maqueen.jpg"/>
    <file href="seguidorConObstaculo.mp4"/>
    <file href="exe_media.css"/>
    <file href="exe_media.js"/>
    <file href="exe_media_background.png"/>
    <file href="exe_media_bigplay.png"/>
    <file href="exe_media_bigplay.svg"/>
    <file href="exe_media_controls.png"/>
    <file href="exe_media_controls.svg"/>
    <file href="exe_media_flashPlayer.swf"/>
    <file href="exe_media_loading.gif"/>
    <file href="exe_media_silverlightPlayer.xap"/>
    <file href="exe_effects.css"/>
    <file href="exe_effects.js"/>
    <file href="exequextaudio.png"/>
    <file href="exequextcursor.gif"/>
    <file href="exequextfull.png"/>
    <file href="exequexthits.png"/>
    <file href="exequextlive.png"/>
    <file href="exequextlost.png"/>
    <file href="exequextmin.png"/>
    <file href="exequextmoveon.png"/>
    <file href="exequextnormal.png"/>
    <file href="exequextnumber.png"/>
    <file href="exequextone.png"/>
    <file href="exequextpause.png"/>
    <file href="exequextplayvideo.png"/>
    <file href="exequextreload.png"/>
    <file href="exequextreply.png"/>
    <file href="exequextrerrors.png"/>
    <file href="exequextrosco.png"/>
    <file href="exequextroscomin.png"/>
    <file href="exequextroscorows.png"/>
    <file href="exequextscore.png"/>
    <file href="exequexttime.png"/>
    <file href="exequexttwo.png"/>
    <file href="exequextvideo.png"/>
    <file href="exequextwon.png"/>
    <file href="rosco-activity.css"/>
    <file href="rosco-activity.js"/>
    <file href="rosco-icon.png"/>
    <file href="roscoHome.png"/>
    <file href="roscoHomeImage.png"/>
    <file href="udl-character-1.gif"/>
    <file href="udl-character-2.gif"/>
    <file href="udl-character-3.gif"/>
    <file href="udl-character-4.gif"/>
    <file href="udl-content.css"/>
    <file href="udl-content.js"/>
    <file href="udl-icons-sm.png"/>
    <file href="udl-icons.png"/>
<dependency identifierref="COMMON_FILES" /></resource>
<resource identifier="RES-eXetoRobotica647dbff3278e45601520" type="webcontent"  adlcp:scormtype="sco" href="task_eleven_mara_se_ha_desorientado.html"> 
 <file href="task_eleven_mara_se_ha_desorientado.html"/>
    <file href="06_BIS_soldado.jpg"/>
    <file href="Ingenuity.png"/>
    <file href="03_preparando_material.jpg"/>
    <file href="maqueen_placa_tuneado.jpg"/>
    <file href="450px-Quicksand_warning.jpg"/>
    <file href="maqueen_tuneado.jpg"/>
    <file href="09_comprobacion.jpg"/>
    <file href="04_BIS_estanar_cables.jpg"/>
    <file href="AUIN1617G11_LDR-Photoresistor.png"/>
    <file href="KY_018.jpg"/>
    <file href="mapeo_arduinoblocks.png"/>
    <file href="02_determinar_tension_divisor_tensiones.jpg"/>
    <file href="04_estanar_cables.jpg"/>
    <file href="divisorTensionFotorresistencia.png"/>
    <file href="05_resistencia_10K_Positivo.jpg"/>
    <file href="07_conjunto_fundas.jpg"/>
    <file href="06_cable_senal_LDR_y_R.jpg"/>
    <file href="perseveranceMap.png"/>
    <file href="08_enfundado.jpg"/>
    <file href="01_determinar_r_con_luz.jpg"/>
    <file href="mapeo_microbit.png"/>
    <file href="testeoLuces.png"/>
    <file href="guiandoLuz.mp4"/>
    <file href="exe_media.css"/>
    <file href="exe_media.js"/>
    <file href="exe_media_background.png"/>
    <file href="exe_media_bigplay.png"/>
    <file href="exe_media_bigplay.svg"/>
    <file href="exe_media_controls.png"/>
    <file href="exe_media_controls.svg"/>
    <file href="exe_media_flashPlayer.swf"/>
    <file href="exe_media_loading.gif"/>
    <file href="exe_media_silverlightPlayer.xap"/>
    <file href="exe_effects.css"/>
    <file href="exe_effects.js"/>
    <file href="desafio-activity.css"/>
    <file href="desafio-activity.js"/>
    <file href="desafioHome.png"/>
    <file href="desafioicon.png"/>
    <file href="desafioicon0.png"/>
    <file href="desafioicon1.png"/>
    <file href="desafioicon2.png"/>
    <file href="exeRetosIcons.png"/>
    <file href="exequextfull.png"/>
    <file href="exequexthits.png"/>
    <file href="exequextlost.png"/>
    <file href="exequextmin.png"/>
    <file href="exequextplayvideo.png"/>
    <file href="exequextreload.png"/>
    <file href="exequextreply.png"/>
    <file href="exequextretosicos.png"/>
    <file href="exequextscore.png"/>
    <file href="exequexttime.png"/>
    <file href="exequextwon.png"/>
    <file href="udl-character-1.gif"/>
    <file href="udl-character-2.gif"/>
    <file href="udl-character-3.gif"/>
    <file href="udl-character-4.gif"/>
    <file href="udl-content.css"/>
    <file href="udl-content.js"/>
    <file href="udl-icons-sm.png"/>
    <file href="udl-icons.png"/>
<dependency identifierref="COMMON_FILES" /></resource>
<resource identifier="RES-eXetoRobotica647dbff3278e45601522" type="webcontent"  adlcp:scormtype="sco" href="extra_task_alarma_de_cajn.html"> 
 <file href="extra_task_alarma_de_cajn.html"/>
    <file href="retor_adultos_conbocadillo.gif"/>
    <file href="exe_effects.css"/>
    <file href="exe_effects.js"/>
<dependency identifierref="COMMON_FILES" /></resource>
<resource identifier="RES-eXetoRobotica647dbff3278e45601524" type="webcontent"  adlcp:scormtype="sco" href="task_twelve_no_me_quiero_despear.html"> 
 <file href="task_twelve_no_me_quiero_despear.html"/>
    <file href="common.js"/>
    <file href="caja_bocaabajo.png"/>
    <file href="no_quiero_despennar.mp4"/>
    <file href="dangerFall.png"/>
    <file href="exe_media.css"/>
    <file href="exe_media.js"/>
    <file href="exe_media_background.png"/>
    <file href="exe_media_bigplay.png"/>
    <file href="exe_media_bigplay.svg"/>
    <file href="exe_media_controls.png"/>
    <file href="exe_media_controls.svg"/>
    <file href="exe_media_flashPlayer.swf"/>
    <file href="exe_media_loading.gif"/>
    <file href="exe_media_silverlightPlayer.xap"/>
    <file href="exe_effects.css"/>
    <file href="exe_effects.js"/>
    <file href="udl-character-1.gif"/>
    <file href="udl-character-2.gif"/>
    <file href="udl-character-3.gif"/>
    <file href="udl-character-4.gif"/>
    <file href="udl-content.css"/>
    <file href="udl-content.js"/>
    <file href="udl-icons-sm.png"/>
    <file href="udl-icons.png"/>
<dependency identifierref="COMMON_FILES" /></resource>
<resource identifier="RES-eXetoRobotica647dbff3278e45601626" type="webcontent"  adlcp:scormtype="sco" href="proyectos.html"> 
 <file href="proyectos.html"/>
    <file href="lona.svg"/>
    <file href="retor_adultos_conbocadillo.gif"/>
    <file href="desafiosRobycad.png"/>
    <file href="exe_effects.css"/>
    <file href="exe_effects.js"/>
    <file href="udl-character-1.gif"/>
    <file href="udl-character-2.gif"/>
    <file href="udl-character-3.gif"/>
    <file href="udl-character-4.gif"/>
    <file href="udl-content.css"/>
    <file href="udl-content.js"/>
    <file href="udl-icons-sm.png"/>
    <file href="udl-icons.png"/>
<dependency identifierref="COMMON_FILES" /></resource>
<resource identifier="RES-eXetoRobotica647dbff3278e45601628" type="webcontent"  adlcp:scormtype="sco" href="materiales_para_el_profesorado.html"> 
 <file href="materiales_para_el_profesorado.html"/>
<dependency identifierref="COMMON_FILES" /></resource>
<resource identifier="RES-eXetoRobotica647dbff3278e4560162a" type="webcontent"  adlcp:scormtype="sco" href="crditos_y_licencias.html"> 
 <file href="crditos_y_licencias.html"/>
    <file href="udl-character-1.gif"/>
    <file href="udl-character-2.gif"/>
    <file href="udl-character-3.gif"/>
    <file href="udl-character-4.gif"/>
    <file href="udl-content.css"/>
    <file href="udl-content.js"/>
    <file href="udl-icons-sm.png"/>
    <file href="udl-icons.png"/>
<dependency identifierref="COMMON_FILES" /></resource>
<resource identifier="RES-eXetoRobotica647dbff3278e4560162c" type="webcontent"  adlcp:scormtype="sco" href="programacin.html"> 
 <file href="programacin.html"/>
    <file href="udl-character-1.gif"/>
    <file href="udl-character-2.gif"/>
    <file href="udl-character-3.gif"/>
    <file href="udl-character-4.gif"/>
    <file href="udl-content.css"/>
    <file href="udl-content.js"/>
    <file href="udl-icons-sm.png"/>
    <file href="udl-icons.png"/>
<dependency identifierref="COMMON_FILES" /></resource>
<resource identifier="RES-eXetoRobotica647dbff3278e4560172e" type="webcontent"  adlcp:scormtype="sco" href="evaluacin.html"> 
 <file href="evaluacin.html"/>
    <file href="Ficha plantilla Robotica STEAM.pdf"/>
    <file href="exe-rubrics.css"/>
    <file href="exe-rubrics.js"/>
<dependency identifierref="COMMON_FILES" /></resource>
<resource identifier="RES-eXetoRobotica647dbff3278e45601730" type="webcontent"  adlcp:scormtype="sco" href="solucionario.html"> 
 <file href="solucionario.html"/>
    <file href="noqdThumbnail.png"/>
    <file href="bloquesMakecodeTarea5.png"/>
    <file href="bloquesMakecodeTarea5Thumbnail.png"/>
    <file href="sigue_lineas_facil2.png"/>
    <file href="tarea6_esquema_Nivel_Luz.png"/>
    <file href="solucionExtraTaskAcelerometroThumbnail.png"/>
    <file href="sigue_lineas_facil1.png"/>
    <file href="solucionario_tarea4Thumbnail.png"/>
    <file href="solucionExtraTaskAcelerometro.png"/>
    <file href="tarea7_esquema_Nivel_Sonido.png"/>
    <file href="noqd.png"/>
    <file href="sigueLasLucesThumbnail.png"/>
    <file href="tarea7_esquema_Nivel_SonidoThumbnail.png"/>
    <file href="tarea6_esquema_Nivel_LuzThumbnail.png"/>
    <file href="solucionario_tarea4.png"/>
    <file href="sigue_lineas_facil1Thumbnail.png"/>
    <file href="sigueLasLuces.png"/>
    <file href="sigue_lineas_facil2Thumbnail.png"/>
    <file href="exe_lightbox.css"/>
    <file href="exe_lightbox.js"/>
    <file href="exe_lightbox_default_thumb.png"/>
    <file href="exe_lightbox_loader.gif"/>
    <file href="exe_lightbox_sprite.png"/>
    <file href="exe_lightbox_sprite_next.png"/>
    <file href="exe_lightbox_sprite_prev.png"/>
    <file href="exe_lightbox_sprite_x.png"/>
    <file href="exe_lightbox_sprite_y.png"/>
<dependency identifierref="COMMON_FILES" /></resource>
<resource identifier="RES-eXetoRobotica647dbff3278e45601732" type="webcontent"  adlcp:scormtype="sco" href="contenido_extra.html"> 
 <file href="contenido_extra.html"/>
    <file href="common.js"/>
<dependency identifierref="COMMON_FILES" /></resource>
<resource identifier="RES-eXetoRobotica647dbff3278e45601734" type="webcontent"  adlcp:scormtype="sco" href="tutoriales_distintos_lenguajes.html"> 
 <file href="tutoriales_distintos_lenguajes.html"/>
    <file href="star2.svg"/>
    <file href="common.js"/>
    <file href="exe_tooltips.js"/>
    <file href="imagesloaded.pkg.min.js"/>
    <file href="jquery.qtip.min.css"/>
    <file href="jquery.qtip.min.js"/>
    <file href="exe_lightbox.css"/>
    <file href="exe_lightbox.js"/>
    <file href="exe_lightbox_default_thumb.png"/>
    <file href="exe_lightbox_loader.gif"/>
    <file href="exe_lightbox_sprite.png"/>
    <file href="exe_lightbox_sprite_next.png"/>
    <file href="exe_lightbox_sprite_prev.png"/>
    <file href="exe_lightbox_sprite_x.png"/>
    <file href="exe_lightbox_sprite_y.png"/>
    <file href="exe_effects.css"/>
    <file href="exe_effects.js"/>
<dependency identifierref="COMMON_FILES" /></resource>
  <resource identifier="COMMON_FILES" type="webcontent" adlcp:scormtype="asset">
    <file href="_adultos_licenses.gif"/>
    <file href="_adultos_udl_icons-sm.png"/>
    <file href="content.css"/>
    <file href="icon_udl_rep_recomendacion.svg"/>
    <file href="icon_udl_exp_interactivo.svg"/>
    <file href="icon_udl_rep_adjunto.svg"/>
    <file href="icon_udl_eng_rss.svg"/>
    <file href="icon_udl_exp_actividad.svg"/>
    <file href="_adultos_logo.png"/>
    <file href="icon_udl_eng_orientaciones.svg"/>
    <file href="icon_udl_eng_descarga.svg"/>
    <file href="_adultos_udl_ch-3.gif"/>
    <file href="icon_udl_rep_lecturafacil.svg"/>
    <file href="nav.css"/>
    <file href="icon_udl_rep_fonetica.svg"/>
    <file href="000000_adultos_logo.png"/>
    <file href="_adultos_bg.png"/>
    <file href="icon_udl_exp_tareagrupal.svg"/>
    <file href="icon_udl_exp_mediacion.svg"/>
    <file href="icon_udl_rep_lee.svg"/>
    <file href="icon_udl_rep_reflexion.svg"/>
    <file href="icon_udl_exp_grupohomogeneo.svg"/>
    <file href="_adultos_icons.png"/>
    <file href="_adultos_udl_ch-2.gif"/>
    <file href="icon_udl_eng_aprenderaprender.svg"/>
    <file href="icon_udl_eng_reto.svg"/>
    <file href="icon_udl_eng_saber.svg"/>
    <file href="icon_udl_rep_mediar.svg"/>
    <file href="config.xml"/>
    <file href="icon_udl_rep_caso.svg"/>
    <file href="icon_udl_rep_pasos.svg"/>
    <file href="icon_udl_exp_tarea.svg"/>
    <file href="icon_udl_eng_rubrica.svg"/>
    <file href="icon_udl_exp_canto.svg"/>
    <file href="_adultos_menu.gif"/>
    <file href="_adultos_left_column.gif"/>
    <file href="icon_udl_exp_lee.svg"/>
    <file href="_adultos_udl_icons.png"/>
    <file href="icon_udl_exp_musica.svg"/>
    <file href="icon_udl_exp_escucha.svg"/>
    <file href="icon_udl_rep_conocer.svg"/>
    <file href="icon_udl_rep_gramatica.svg"/>
    <file href="icon_udl_exp_lenguasignos.svg"/>
    <file href="icon_udl_eng_nota.svg"/>
    <file href="icon_udl_rep_nota.svg"/>
    <file href="icon_udl_exp_debate.svg"/>
    <file href="icon_udl_rep_galeria.svg"/>
    <file href="icon_udl_rep_informarse.svg"/>
    <file href="_adultos_udl_ch-4.gif"/>
    <file href="icon_udl_exp_manipula.svg"/>
    <file href="icon_udl_rep_importante.svg"/>
    <file href="icon_emociones.svg"/>
    <file href="icon_udl_exp_grupoheterogeneo.svg"/>
    <file href="icon_udl_eng_temporalizacion.svg"/>
    <file href="icon_udl_eng_curiosidad.svg"/>
    <file href="icon_udl_exp_practicamusical.svg"/>
    <file href="icon_udl_rep_destacado.svg"/>
    <file href="icon_udl_eng_culturales.svg"/>
    <file href="icon_udl_exp_habla.svg"/>
    <file href="icon_udl_exp_juego.svg"/>
    <file href="icon_udl_rep_ejemplo.svg"/>
    <file href="icon_udl_rep_lenguasignos.svg"/>
    <file href="icon_udl_rep_escucha.svg"/>
    <file href="Atkinson-Hyperlegible-Regular-102a.woff2"/>
    <file href="icon_udl_rep_apoyovisual.svg"/>
    <file href="_adultos_udl_ch-1.gif"/>
    <file href="icon_udl_exp_graba.svg"/>
    <file href="_adultos_js.js"/>
    <file href="icon_udl_exp_coproduccionoral.svg"/>
    <file href="icon_udl_rep_redessemanticas.svg"/>
    <file href="_adultos_nav_icons.png"/>
    <file href="icon_udl_exp_competenciadigital.svg"/>
    <file href="icon_udl_rep_vocabulario.svg"/>
    <file href="icon_udl_rep_reproduccion.svg"/>
    <file href="icon_udl_exp_escribe.svg"/>
    <file href="icon_udl_eng_objetivos.svg"/>
    <file href="icon_udl_exp_ejercicio.svg"/>
    <file href="icon_udl_exp_coproducciontxt.svg"/>
    <file href="icon_udl_exp_cuestionario.svg"/>
    <file href="base.css"/>
    <file href="popup_bg.gif"/>
    <file href="exe_powered_logo.png"/>
    <file href="SCORM_API_wrapper.js"/>
    <file href="SCOFunctions.js"/>
    <file href="common.js"/>
    <file href="common_i18n.js"/>
    <file href="exe_jquery.js"/>
    <file href="content.xsd"/>
    <file href="content.data"/>
    <file href="contentv3.xml"/>
    <file href="imslrm.xml"/>
    <file href="exe_html5.js"/>
    <file href="imscp_v1p1.xsd"/>
    <file href="imsmd_v1p2p2.xsd"/>
    <file href="lom.xsd"/>
    <file href="lomCustom.xsd"/>
    <file href="ims_xml.xsd"/>
  </resource>
</resources>
</manifest>
